ticker,state_own_pct_from_ownership,soe_dummy_from_ownership,state_own_source,ownership_keywords_hit,ownership_source_file
AAA,,0,,,AAA_hose_ownership.html
AAT,,0,,,AAT_hose_ownership.html
ABR,,0,,,ABR_hose_ownership.html
ABS,,0,,,ABS_hose_ownership.html
ACB,,0,,,ACB_hose_ownership.html
ACL,,0,,,ACL_hose_ownership.html
ADC,,0,,,ADC_hose_ownership.html
ADG,,0,,,ADG_hose_ownership.html
ADP,,0,,,ADP_hose_ownership.html
AFX,,0,,,AFX_hose_ownership.html
AGG,,0,,,AGG_hose_ownership.html
AGR,,0,,,AGR_hose_ownership.html
ALT,,0,,,ALT_hose_ownership.html
AMC,,0,,,AMC_hose_ownership.html
AME,,0,,,AME_hose_ownership.html
AMV,,0,,,AMV_hose_ownership.html
APG,,0,,,APG_hose_ownership.html
APS,,0,,,APS_hose_ownership.html
ARM,,0,,,ARM_hose_ownership.html
ASM,,0,,,ASM_hose_ownership.html
ASP,,0,,,ASP_hose_ownership.html
AST,,0,,,AST_hose_ownership.html
ATS,,0,,,ATS_hose_ownership.html
BAB,,0,,,BAB_hose_ownership.html
BBC,,0,,,BBC_hose_ownership.html
BBS,,0,,,BBS_hose_ownership.html
BCC,,0,,,BCC_hose_ownership.html
BCM,,0,,,BCM_hose_ownership.html
BDB,,0,,,BDB_hose_ownership.html
BFC,,0,,,BFC_hose_ownership.html
BHN,,0,,,BHN_hose_ownership.html
BIC,,0,,,BIC_hose_ownership.html
BID,,0,,,BID_hose_ownership.html
BKC,,0,,,BKC_hose_ownership.html
BKG,,0,,,BKG_hose_ownership.html
BMP,,0,,,BMP_hose_ownership.html
BPC,,0,,,BPC_hose_ownership.html
BRC,,0,,,BRC_hose_ownership.html
BSC,,0,,,BSC_hose_ownership.html
BSI,,0,,,BSI_hose_ownership.html
BSR,,0,,,BSR_hose_ownership.html
BST,,0,,,BST_hose_ownership.html
BTP,,0,,,BTP_hose_ownership.html
BTS,,0,,,BTS_hose_ownership.html
BTT,,0,,,BTT_hose_ownership.html
BVS,,0,,,BVS_hose_ownership.html
BWE,,0,,,BWE_hose_ownership.html
C32,,0,,,C32_hose_ownership.html
C47,,0,,,C47_hose_ownership.html
CAN,,0,,,CAN_hose_ownership.html
CAR,,0,,,CAR_hose_ownership.html
CCC,,0,,,CCC_hose_ownership.html
CCL,,0,,,CCL_hose_ownership.html
CCR,,0,,,CCR_hose_ownership.html
CDN,,0,,,CDN_hose_ownership.html
CET,,0,,,CET_hose_ownership.html
CHP,,0,,,CHP_hose_ownership.html
CIA,,0,,,CIA_hose_ownership.html
CIG,,0,,,CIG_hose_ownership.html
CJC,,0,,,CJC_hose_ownership.html
CKG,,0,,,CKG_hose_ownership.html
CKV,,0,,,CKV_hose_ownership.html
CLC,,0,,,CLC_hose_ownership.html
CLH,,0,,,CLH_hose_ownership.html
CLL,,0,,,CLL_hose_ownership.html
CLM,,0,,,CLM_hose_ownership.html
CLW,,0,,,CLW_hose_ownership.html
CMC,,0,,,CMC_hose_ownership.html
CMG,,0,,,CMG_hose_ownership.html
CMS,,0,,,CMS_hose_ownership.html
CMV,,0,,,CMV_hose_ownership.html
CMX,,0,,,CMX_hose_ownership.html
CNG,,0,,,CNG_hose_ownership.html
COM,,0,,,COM_hose_ownership.html
CPC,,0,,,CPC_hose_ownership.html
CRC,,0,,,CRC_hose_ownership.html
CSM,,0,,,CSM_hose_ownership.html
CST,,0,,,CST_hose_ownership.html
CSV,,0,,,CSV_hose_ownership.html
CTB,,0,,,CTB_hose_ownership.html
CTC,,0,,,CTC_hose_ownership.html
CTF,,0,,,CTF_hose_ownership.html
CTG,,0,,,CTG_hose_ownership.html
CTI,,0,,,CTI_hose_ownership.html
CTP,,0,,,CTP_hose_ownership.html
CTS,,0,,,CTS_hose_ownership.html
CTT,,0,,,CTT_hose_ownership.html
CVT,,0,,,CVT_hose_ownership.html
D2D,,0,,,D2D_hose_ownership.html
DAD,,0,,,DAD_hose_ownership.html
DAE,,0,,,DAE_hose_ownership.html
DAH,,0,,,DAH_hose_ownership.html
DAT,,0,,,DAT_hose_ownership.html
DBC,,0,,,DBC_hose_ownership.html
DBD,,0,,,DBD_hose_ownership.html
DBT,,0,,,DBT_hose_ownership.html
DCL,,0,,,DCL_hose_ownership.html
DCM,,0,,,DCM_hose_ownership.html
DGC,,0,,,DGC_hose_ownership.html
DHA,,0,,,DHA_hose_ownership.html
DHC,,0,,,DHC_hose_ownership.html
DHG,,0,,,DHG_hose_ownership.html
DHM,,0,,,DHM_hose_ownership.html
DHT,,0,,,DHT_hose_ownership.html
DIG,,0,,,DIG_hose_ownership.html
DIH,,0,,,DIH_hose_ownership.html
DL1,,0,,,DL1_hose_ownership.html
DLG,,0,,,DLG_hose_ownership.html
DMC,,0,,,DMC_hose_ownership.html
DNC,,0,,,DNC_hose_ownership.html
DP3,,0,,,DP3_hose_ownership.html
DPG,,0,,,DPG_hose_ownership.html
DPM,,0,,,DPM_hose_ownership.html
DPR,,0,,,DPR_hose_ownership.html
DQC,,0,,,DQC_hose_ownership.html
DRC,,0,,,DRC_hose_ownership.html
DRL,,0,,,DRL_hose_ownership.html
DS3,,0,,,DS3_hose_ownership.html
DSC,,0,,,DSC_hose_ownership.html
DSE,,0,,,DSE_hose_ownership.html
DTG,,0,,,DTG_hose_ownership.html
DTK,,0,,,DTK_hose_ownership.html
DTT,,0,,,DTT_hose_ownership.html
DVM,,0,,,DVM_hose_ownership.html
DVP,,0,,,DVP_hose_ownership.html
DXG,,0,,,DXG_hose_ownership.html
DXP,,0,,,DXP_hose_ownership.html
DXS,,0,,,DXS_hose_ownership.html
EBS,,0,,,EBS_hose_ownership.html
EIB,,0,,,EIB_hose_ownership.html
EID,,0,,,EID_hose_ownership.html
ELC,,0,,,ELC_hose_ownership.html
EVS,,0,,,EVS_hose_ownership.html
FCN,,0,,,FCN_hose_ownership.html
FID,,0,,,FID_hose_ownership.html
FIR,,0,,,FIR_hose_ownership.html
FRT,,0,,,FRT_hose_ownership.html
FTS,,0,,,FTS_hose_ownership.html
GDT,,0,,,GDT_hose_ownership.html
GDW,,0,,,GDW_hose_ownership.html
GEE,,0,,,GEE_hose_ownership.html
GEG,,0,,,GEG_hose_ownership.html
GEX,,0,,,GEX_hose_ownership.html
GHC,,0,,,GHC_hose_ownership.html
GIC,,0,,,GIC_hose_ownership.html
GIL,,0,,,GIL_hose_ownership.html
GKM,,0,,,GKM_hose_ownership.html
GMD,,0,,,GMD_hose_ownership.html
GMX,,0,,,GMX_hose_ownership.html
GSP,,0,,,GSP_hose_ownership.html
GTA,,0,,,GTA_hose_ownership.html
GVR,,0,,,GVR_hose_ownership.html
HAR,,0,,,HAR_hose_ownership.html
HAS,,0,,,HAS_hose_ownership.html
HAT,,0,,,HAT_hose_ownership.html
HAX,,0,,,HAX_hose_ownership.html
HBS,,0,,,HBS_hose_ownership.html
HCC,,0,,,HCC_hose_ownership.html
HCM,,0,,,HCM_hose_ownership.html
HCT,,0,,,HCT_hose_ownership.html
HDA,,0,,,HDA_hose_ownership.html
HDB,,0,,,HDB_hose_ownership.html
HDC,,0,,,HDC_hose_ownership.html
HDG,,0,,,HDG_hose_ownership.html
HEV,,0,,,HEV_hose_ownership.html
HHC,,0,,,HHC_hose_ownership.html
HHP,,0,,,HHP_hose_ownership.html
HHS,,0,,,HHS_hose_ownership.html
HHV,,0,,,HHV_hose_ownership.html
HII,,0,,,HII_hose_ownership.html
HLC,,0,,,HLC_hose_ownership.html
HMC,,0,,,HMC_hose_ownership.html
HMH,,0,,,HMH_hose_ownership.html
HMR,,0,,,HMR_hose_ownership.html
HOM,,0,,,HOM_hose_ownership.html
HPA,,0,,,HPA_hose_ownership.html
HPX,,0,,,HPX_hose_ownership.html
HQC,,0,,,HQC_hose_ownership.html
HRC,,0,,,HRC_hose_ownership.html
HSG,,0,,,HSG_hose_ownership.html
HSL,,0,,,HSL_hose_ownership.html
HT1,,0,,,HT1_hose_ownership.html
HTC,,0,,,HTC_hose_ownership.html
HTG,,0,,,HTG_hose_ownership.html
HTI,,0,,,HTI_hose_ownership.html
HTL,,0,,,HTL_hose_ownership.html
HUB,,0,,,HUB_hose_ownership.html
HVH,,0,,,HVH_hose_ownership.html
HVT,,0,,,HVT_hose_ownership.html
HVX,,0,,,HVX_hose_ownership.html
ICG,,0,,,ICG_hose_ownership.html
ICT,,0,,,ICT_hose_ownership.html
IDC,,0,,,IDC_hose_ownership.html
IDI,,0,,,IDI_hose_ownership.html
IMP,,0,,,IMP_hose_ownership.html
INN,,0,,,INN_hose_ownership.html
ITD,,0,,,ITD_hose_ownership.html
IVS,,0,,,IVS_hose_ownership.html
JVC,,0,,,JVC_hose_ownership.html
KBC,,0,,,KBC_hose_ownership.html
KDH,,0,,,KDH_hose_ownership.html
KHG,,0,,,KHG_hose_ownership.html
KHP,,0,,,KHP_hose_ownership.html
KLB,,0,,,KLB_hose_ownership.html
KMT,,0,,,KMT_hose_ownership.html
KSB,,0,,,KSB_hose_ownership.html
KSF,,0,,,KSF_hose_ownership.html
KST,,0,,,KST_hose_ownership.html
KSV,,0,,,KSV_hose_ownership.html
KTS,,0,,,KTS_hose_ownership.html
L14,,0,,,L14_hose_ownership.html
L40,,0,,,L40_hose_ownership.html
LAF,,0,,,LAF_hose_ownership.html
LAS,,0,,,LAS_hose_ownership.html
LBE,,0,,,LBE_hose_ownership.html
LDG,,0,,,LDG_hose_ownership.html
LDP,,0,,,LDP_hose_ownership.html
LGL,,0,,,LGL_hose_ownership.html
LHC,,0,,,LHC_hose_ownership.html
LHG,,0,,,LHG_hose_ownership.html
LIG,,0,,,LIG_hose_ownership.html
LIX,,0,,,LIX_hose_ownership.html
LM8,,0,,,LM8_hose_ownership.html
LPB,,0,,,LPB_hose_ownership.html
LSS,,0,,,LSS_hose_ownership.html
MAC,,0,,,MAC_hose_ownership.html
MAS,,0,,,MAS_hose_ownership.html
MBB,,0,,,MBB_hose_ownership.html
MBG,,0,,,MBG_hose_ownership.html
MBS,,0,,,MBS_hose_ownership.html
MCC,,0,,,MCC_hose_ownership.html
MCM,,0,,,MCM_hose_ownership.html
MCO,,0,,,MCO_hose_ownership.html
MDC,,0,,,MDC_hose_ownership.html
MDG,,0,,,MDG_hose_ownership.html
MED,,0,,,MED_hose_ownership.html
MEL,,0,,,MEL_hose_ownership.html
MHC,,0,,,MHC_hose_ownership.html
MIG,,0,,,MIG_hose_ownership.html
MKV,,0,,,MKV_hose_ownership.html
MSB,,0,,,MSB_hose_ownership.html
NAB,,0,,,NAB_hose_ownership.html
NAG,,0,,,NAG_hose_ownership.html
NAV,,0,,,NAV_hose_ownership.html
NBC,,0,,,NBC_hose_ownership.html
NBP,,0,,,NBP_hose_ownership.html
NBW,,0,,,NBW_hose_ownership.html
NCT,,0,,,NCT_hose_ownership.html
NDX,,0,,,NDX_hose_ownership.html
NFC,,0,,,NFC_hose_ownership.html
NHC,,0,,,NHC_hose_ownership.html
NHH,,0,,,NHH_hose_ownership.html
NKG,,0,,,NKG_hose_ownership.html
NRC,,0,,,NRC_hose_ownership.html
NST,,0,,,NST_hose_ownership.html
NT2,,0,,,NT2_hose_ownership.html
NTC,,0,,,NTC_hose_ownership.html
NTP,,0,,,NTP_hose_ownership.html
NVB,,0,,,NVB_hose_ownership.html
NVL,,0,,,NVL_hose_ownership.html
OCB,,0,,,OCB_hose_ownership.html
OCH,,0,,,OCH_hose_ownership.html
OGC,,0,,,OGC_hose_ownership.html
ONE,,0,,,ONE_hose_ownership.html
OPC,,0,,,OPC_hose_ownership.html
ORS,,0,,,ORS_hose_ownership.html
PAC,,0,,,PAC_hose_ownership.html
PAN,,0,,,PAN_hose_ownership.html
PBP,,0,,,PBP_hose_ownership.html
PC1,,0,,,PC1_hose_ownership.html
PCE,,0,,,PCE_hose_ownership.html
PCH,,0,,,PCH_hose_ownership.html
PCT,,0,,,PCT_hose_ownership.html
PEN,,0,,,PEN_hose_ownership.html
PET,,0,,,PET_hose_ownership.html
PGC,,0,,,PGC_hose_ownership.html
PGD,,0,,,PGD_hose_ownership.html
PGI,,0,,,PGI_hose_ownership.html
PGN,,0,,,PGN_hose_ownership.html
PGS,,0,,,PGS_hose_ownership.html
PGT,,0,,,PGT_hose_ownership.html
PHC,,0,,,PHC_hose_ownership.html
PHR,,0,,,PHR_hose_ownership.html
PIA,,0,,,PIA_hose_ownership.html
PIT,,0,,,PIT_hose_ownership.html
PJC,,0,,,PJC_hose_ownership.html
PJT,,0,,,PJT_hose_ownership.html
PLC,,0,,,PLC_hose_ownership.html
PLP,,0,,,PLP_hose_ownership.html
PMB,,0,,,PMB_hose_ownership.html
PMC,,0,,,PMC_hose_ownership.html
PMG,,0,,,PMG_hose_ownership.html
PMP,,0,,,PMP_hose_ownership.html
PMS,,0,,,PMS_hose_ownership.html
POT,,0,,,POT_hose_ownership.html
POW,,0,,,POW_hose_ownership.html
PPC,,0,,,PPC_hose_ownership.html
PPP,,0,,,PPP_hose_ownership.html
PPS,,0,,,PPS_hose_ownership.html
PPT,,0,,,PPT_hose_ownership.html
PPY,,0,,,PPY_hose_ownership.html
PRE,,0,,,PRE_hose_ownership.html
PSC,,0,,,PSC_hose_ownership.html
PSD,,0,,,PSD_hose_ownership.html
PSE,,0,,,PSE_hose_ownership.html
PSI,,0,,,PSI_hose_ownership.html
PSW,,0,,,PSW_hose_ownership.html
PTB,,0,,,PTB_hose_ownership.html
PTD,,0,,,PTD_hose_ownership.html
PTI,,0,,,PTI_hose_ownership.html
PTS,,0,,,PTS_hose_ownership.html
PTX,,0,,,PTX_hose_ownership.html
PV2,,0,,,PV2_hose_ownership.html
PVB,,0,,,PVB_hose_ownership.html
PVC,,0,,,PVC_hose_ownership.html
PVD,,0,,,PVD_hose_ownership.html
PVI,,0,,,PVI_hose_ownership.html
PVP,,0,,,PVP_hose_ownership.html
PVS,,0,,,PVS_hose_ownership.html
PVT,,0,,,PVT_hose_ownership.html
QCG,,0,,,QCG_hose_ownership.html
QHD,,0,,,QHD_hose_ownership.html
QTC,,0,,,QTC_hose_ownership.html
REE,,0,,,REE_hose_ownership.html
RYG,,0,,,RYG_hose_ownership.html
S4A,,0,,,S4A_hose_ownership.html
S55,,0,,,S55_hose_ownership.html
S99,,0,,,S99_hose_ownership.html
SAB,,0,,,SAB_hose_ownership.html
SAF,,0,,,SAF_hose_ownership.html
SAM,,0,,,SAM_hose_ownership.html
SAV,,0,,,SAV_hose_ownership.html
SBA,,0,,,SBA_hose_ownership.html
SBG,,0,,,SBG_hose_ownership.html
SC5,,0,,,SC5_hose_ownership.html
SCI,,0,,,SCI_hose_ownership.html
SCS,,0,,,SCS_hose_ownership.html
SD5,,0,,,SD5_hose_ownership.html
SD9,,0,,,SD9_hose_ownership.html
SDA,,0,,,SDA_hose_ownership.html
SDN,,0,,,SDN_hose_ownership.html
SEB,,0,,,SEB_hose_ownership.html
SED,,0,,,SED_hose_ownership.html
SFC,,0,,,SFC_hose_ownership.html
SFG,,0,,,SFG_hose_ownership.html
SFN,,0,,,SFN_hose_ownership.html
SGC,,0,,,SGC_hose_ownership.html
SGD,,0,,,SGD_hose_ownership.html
SGH,,0,,,SGH_hose_ownership.html
SGN,,0,,,SGN_hose_ownership.html
SGR,,0,,,SGR_hose_ownership.html
SGT,,0,,,SGT_hose_ownership.html
SHA,,0,,,SHA_hose_ownership.html
SHB,,0,,,SHB_hose_ownership.html
SHE,,0,,,SHE_hose_ownership.html
SHI,,0,,,SHI_hose_ownership.html
SHS,,0,,,SHS_hose_ownership.html
SIC,,0,,,SIC_hose_ownership.html
SIP,,0,,,SIP_hose_ownership.html
SJ1,,0,,,SJ1_hose_ownership.html
SJE,,0,,,SJE_hose_ownership.html
SJS,,0,,,SJS_hose_ownership.html
SKG,,0,,,SKG_hose_ownership.html
SLS,,0,,,SLS_hose_ownership.html
SMA,,0,,,SMA_hose_ownership.html
SMB,,0,,,SMB_hose_ownership.html
SMN,,0,,,SMN_hose_ownership.html
SMT,,0,,,SMT_hose_ownership.html
SPC,,0,,,SPC_hose_ownership.html
SPM,,0,,,SPM_hose_ownership.html
SRC,,0,,,SRC_hose_ownership.html
SRF,,0,,,SRF_hose_ownership.html
SSB,,0,,,SSB_hose_ownership.html
SSI,,0,,,SSI_hose_ownership.html
SSM,,0,,,SSM_hose_ownership.html
ST8,,0,,,ST8_hose_ownership.html
STB,,0,,,STB_hose_ownership.html
SVC,,0,,,SVC_hose_ownership.html
SVI,,0,,,SVI_hose_ownership.html
SVN,,0,,,SVN_hose_ownership.html
SVT,,0,,,SVT_hose_ownership.html
SZC,,0,,,SZC_hose_ownership.html
SZL,,0,,,SZL_hose_ownership.html
TBX,,0,,,TBX_hose_ownership.html
TC6,,0,,,TC6_hose_ownership.html
TCB,,0,,,TCB_hose_ownership.html
TCD,,0,,,TCD_hose_ownership.html
TCH,,0,,,TCH_hose_ownership.html
TCI,,0,,,TCI_hose_ownership.html
TCM,,0,,,TCM_hose_ownership.html
TCR,,0,,,TCR_hose_ownership.html
TCT,,0,,,TCT_hose_ownership.html
TCX,,0,,,TCX_hose_ownership.html
TD6,,0,,,TD6_hose_ownership.html
TDH,,0,,,TDH_hose_ownership.html
TDM,,0,,,TDM_hose_ownership.html
TDN,,0,,,TDN_hose_ownership.html
TDP,,0,,,TDP_hose_ownership.html
TDT,,0,,,TDT_hose_ownership.html
TDW,,0,,,TDW_hose_ownership.html
TEG,,0,,,TEG_hose_ownership.html
TET,,0,,,TET_hose_ownership.html
THB,,0,,,THB_hose_ownership.html
THD,,0,,,THD_hose_ownership.html
THG,,0,,,THG_hose_ownership.html
THS,,0,,,THS_hose_ownership.html
THT,,0,,,THT_hose_ownership.html
TIG,,0,,,TIG_hose_ownership.html
TIX,,0,,,TIX_hose_ownership.html
TJC,,0,,,TJC_hose_ownership.html
TKU,,0,,,TKU_hose_ownership.html
TLD,,0,,,TLD_hose_ownership.html
TLH,,0,,,TLH_hose_ownership.html
TMB,,0,,,TMB_hose_ownership.html
TMP,,0,,,TMP_hose_ownership.html
TMT,,0,,,TMT_hose_ownership.html
TMX,,0,,,TMX_hose_ownership.html
TN1,,0,,,TN1_hose_ownership.html
TNC,,0,,,TNC_hose_ownership.html
TNH,,0,,,TNH_hose_ownership.html
TNI,,0,,,TNI_hose_ownership.html
TNT,,0,,,TNT_hose_ownership.html
TOT,,0,,,TOT_hose_ownership.html
TPB,,0,,,TPB_hose_ownership.html
TPC,,0,,,TPC_hose_ownership.html
TRC,,0,,,TRC_hose_ownership.html
TSA,,0,,,TSA_hose_ownership.html
TSB,,0,,,TSB_hose_ownership.html
TTC,,0,,,TTC_hose_ownership.html
TTE,,0,,,TTE_hose_ownership.html
TTH,,0,,,TTH_hose_ownership.html
TV2,,0,,,TV2_hose_ownership.html
TVB,,0,,,TVB_hose_ownership.html
TVD,,0,,,TVD_hose_ownership.html
TVS,,0,,,TVS_hose_ownership.html
TXM,,0,,,TXM_hose_ownership.html
UIC,,0,,,UIC_hose_ownership.html
V21,,0,,,V21_hose_ownership.html
VAB,,0,,,VAB_hose_ownership.html
VAF,,0,,,VAF_hose_ownership.html
VBC,,0,,,VBC_hose_ownership.html
VC1,,0,,,VC1_hose_ownership.html
VC2,,0,,,VC2_hose_ownership.html
VC3,,0,,,VC3_hose_ownership.html
VC7,,0,,,VC7_hose_ownership.html
VC9,,0,,,VC9_hose_ownership.html
VCA,,0,,,VCA_hose_ownership.html
VCB,,0,,,VCB_hose_ownership.html
VCF,,0,,,VCF_hose_ownership.html
VCG,,0,,,VCG_hose_ownership.html
VCI,,0,,,VCI_hose_ownership.html
VCK,,0,,,VCK_hose_ownership.html
VCM,,0,,,VCM_hose_ownership.html
VDL,,0,,,VDL_hose_ownership.html
VDP,,0,,,VDP_hose_ownership.html
VDS,,0,,,VDS_hose_ownership.html
VE1,,0,,,VE1_hose_ownership.html
VE3,,0,,,VE3_hose_ownership.html
VFG,,0,,,VFG_hose_ownership.html
VFS,,0,,,VFS_hose_ownership.html
VGC,,0,,,VGC_hose_ownership.html
VGS,,0,,,VGS_hose_ownership.html
VHE,,0,,,VHE_hose_ownership.html
VHM,,0,,,VHM_hose_ownership.html
VIB,,0,,,VIB_hose_ownership.html
VIC,,0,,,VIC_hose_ownership.html
VIF,,0,,,VIF_hose_ownership.html
VIG,,0,,,VIG_hose_ownership.html
VIT,,0,,,VIT_hose_ownership.html
VIX,,0,,,VIX_hose_ownership.html
VJC,,0,,,VJC_hose_ownership.html
VLA,,0,,,VLA_hose_ownership.html
VMD,,0,,,VMD_hose_ownership.html
VMS,,0,,,VMS_hose_ownership.html
VND,,0,,,VND_hose_ownership.html
VNE,,0,,,VNE_hose_ownership.html
VNL,,0,,,VNL_hose_ownership.html
VNM,,0,,,VNM_hose_ownership.html
VNR,,0,,,VNR_hose_ownership.html
VNS,,0,,,VNS_hose_ownership.html
VNT,,0,,,VNT_hose_ownership.html
VOS,,0,,,VOS_hose_ownership.html
VPB,,0,,,VPB_hose_ownership.html
VPD,,0,,,VPD_hose_ownership.html
VPH,,0,,,VPH_hose_ownership.html
VPS,,0,,,VPS_hose_ownership.html
VPX,,0,,,VPX_hose_ownership.html
VRE,,0,,,VRE_hose_ownership.html
VSA,,0,,,VSA_hose_ownership.html
VSC,,0,,,VSC_hose_ownership.html
VSH,,0,,,VSH_hose_ownership.html
VTC,,0,,,VTC_hose_ownership.html
VTH,,0,,,VTH_hose_ownership.html
VTJ,,0,,,VTJ_hose_ownership.html
VTP,,0,,,VTP_hose_ownership.html
VTZ,,0,,,VTZ_hose_ownership.html
WCS,,0,,,WCS_hose_ownership.html
WSS,,0,,,WSS_hose_ownership.html
X20,,0,,,X20_hose_ownership.html
YBM,,0,,,YBM_hose_ownership.html
